<?xml version="1.0" encoding="UTF-8"?>
<project-private xmlns="http://www.netbeans.org/ns/project-private/1">
    <editor-bookmarks xmlns="http://www.netbeans.org/ns/editor-bookmarks/2" lastBookmarkId="0"/>
    <open-files xmlns="http://www.netbeans.org/ns/projectui-open-files/2">
        <group>
            <file>file:/E:/PG/semestr5/wjp/projekt/graedukacyjna/src/graedukacyjna/Animacja.java</file>
            <file>file:/E:/PG/semestr5/wjp/projekt/graedukacyjna/src/graedukacyjna/Niepowodzenie.java</file>
            <file>file:/E:/PG/semestr5/wjp/projekt/graedukacyjna/src/graedukacyjna/Samochod.java</file>
            <file>file:/E:/PG/semestr5/wjp/projekt/graedukacyjna/src/graedukacyjna/UjemnePunkty.java</file>
            <file>file:/E:/PG/semestr5/wjp/projekt/graedukacyjna/src/graedukacyjna/Odksztalcenie.java</file>
            <file>file:/E:/PG/semestr5/wjp/projekt/graedukacyjna/src/graedukacyjna/StworzPanel.java</file>
            <file>file:/E:/PG/semestr5/wjp/projekt/graedukacyjna/src/graedukacyjna/Zasoby.java</file>
            <file>file:/E:/PG/semestr5/wjp/projekt/graedukacyjna/src/graedukacyjna/Poziom.java</file>
            <file>file:/E:/PG/semestr5/wjp/projekt/graedukacyjna/src/graedukacyjna/Punkty.java</file>
            <file>file:/E:/PG/semestr5/wjp/projekt/graedukacyjna/src/graedukacyjna/ZbudujMost.java</file>
            <file>file:/E:/PG/semestr5/wjp/projekt/graedukacyjna/src/graedukacyjna/Okno.java</file>
        </group>
    </open-files>
</project-private>
